provSize,Laserlight,DGpatt 
1000,0.016231871,0.015966816
10000,0.022051889,0.021058117
100000,0.534432660,0.071686589
1000000,1688.936449776,1.517716156
4000000,0.000000000,32.264389754