provSize,Laserlight,DGpatt 
1000,0.021010657,0.020355602
10000,0.470935346,0.070422812
100000,1031.767780555,0.776841682
1000000,0.00000000 ,18.567685106