provSize,Naive,DG
1000,0.045504429,0.014961446
10000,7.956598653,0.103364497
100000,0.00000000,1.882716800
1000000,0.00000000,43.408515079